"","ï..Country","Wave..number.","Wave..month.year.","Topic.covered.by.question","Question","Question.Row.number","Row.item.label","Answer.option.label","Base.description..Who.saw.the.question..","Base.size..How.many.saw.this.question..","Value","Data.type.represented.by..value."
"612015","UK",1,"Feb16","Most important challenge","Q5: [Most important challenge]  - What are the most important challenges your business currently faces?","Q5","Attracting customers","","Base: Total; multiple select",1413,1120,"Frequency"
"612016","UK",1,"Feb16","Most important challenge","Q5: [Most important challenge]  - What are the most important challenges your business currently faces?","Q5","Developing new products/innovation","","Base: Total; multiple select",1413,296,"Frequency"
"612017","UK",1,"Feb16","Most important challenge","Q5: [Most important challenge]  - What are the most important challenges your business currently faces?","Q5","Finding/working with suppliers","","Base: Total; multiple select",1413,219,"Frequency"
"612018","UK",1,"Feb16","Most important challenge","Q5: [Most important challenge]  - What are the most important challenges your business currently faces?","Q5","Increasing revenue","","Base: Total; multiple select",1413,802,"Frequency"
"612019","UK",1,"Feb16","Most important challenge","Q5: [Most important challenge]  - What are the most important challenges your business currently faces?","Q5","Maintaining profitability","","Base: Total; multiple select",1413,696,"Frequency"
"612020","UK",1,"Feb16","Most important challenge","Q5: [Most important challenge]  - What are the most important challenges your business currently faces?","Q5","Other","","Base: Total; multiple select",1413,63,"Frequency"
"612021","UK",1,"Feb16","Most important challenge","Q5: [Most important challenge]  - What are the most important challenges your business currently faces?","Q5","Other government regulations (e.g., compliance, technical regulation, patents, reporting)","","Base: Total; multiple select",1413,204,"Frequency"
"612022","UK",1,"Feb16","Most important challenge","Q5: [Most important challenge]  - What are the most important challenges your business currently faces?","Q5","Regulatory and other barriers to exports (deleted since October 2016)","","Base: Total; multiple select",1413,42,"Frequency"
"612023","UK",1,"Feb16","Most important challenge","Q5: [Most important challenge]  - What are the most important challenges your business currently faces?","Q5","Retaining/recruiting skilled employees","","Base: Total; multiple select",1413,245,"Frequency"
"612024","UK",1,"Feb16","Most important challenge","Q5: [Most important challenge]  - What are the most important challenges your business currently faces?","Q5","Securing financing for business as usual","","Base: Total; multiple select",1413,201,"Frequency"
"612025","UK",1,"Feb16","Most important challenge","Q5: [Most important challenge]  - What are the most important challenges your business currently faces?","Q5","Securing financing for expansion","","Base: Total; multiple select",1413,205,"Frequency"
"612026","UK",1,"Feb16","Most important challenge","Q5: [Most important challenge]  - What are the most important challenges your business currently faces?","Q5","Selling to foreign markets (new since October 2016)","","Base: Total; multiple select",1413,NA,"Frequency"
"612027","UK",1,"Feb16","Most important challenge","Q5: [Most important challenge]  - What are the most important challenges your business currently faces?","Q5","Tax laws and rules","","Base: Total; multiple select",1413,256,"Frequency"
"612028","UK",1,"Feb16","Most important challenge","Q5: [Most important challenge]  - What are the most important challenges your business currently faces?","Q5","Uncertainty over economic conditions","","Base: Total; multiple select",1413,280,"Frequency"
"612611","UK",2,"Mar16","Most important challenge","Q5: [Most important challenge]  - What are the most important challenges your business currently faces?","Q5","Attracting customers","","Base: Total; multiple select",1095,842,"Frequency"
"612612","UK",2,"Mar16","Most important challenge","Q5: [Most important challenge]  - What are the most important challenges your business currently faces?","Q5","Developing new products/innovation","","Base: Total; multiple select",1095,238,"Frequency"
"612613","UK",2,"Mar16","Most important challenge","Q5: [Most important challenge]  - What are the most important challenges your business currently faces?","Q5","Finding/working with suppliers","","Base: Total; multiple select",1095,180,"Frequency"
"612614","UK",2,"Mar16","Most important challenge","Q5: [Most important challenge]  - What are the most important challenges your business currently faces?","Q5","Increasing revenue","","Base: Total; multiple select",1095,595,"Frequency"
"612615","UK",2,"Mar16","Most important challenge","Q5: [Most important challenge]  - What are the most important challenges your business currently faces?","Q5","Maintaining profitability","","Base: Total; multiple select",1095,535,"Frequency"
"612616","UK",2,"Mar16","Most important challenge","Q5: [Most important challenge]  - What are the most important challenges your business currently faces?","Q5","Other","","Base: Total; multiple select",1095,39,"Frequency"
"612617","UK",2,"Mar16","Most important challenge","Q5: [Most important challenge]  - What are the most important challenges your business currently faces?","Q5","Other government regulations (e.g., compliance, technical regulation, patents, reporting)","","Base: Total; multiple select",1095,180,"Frequency"
"612618","UK",2,"Mar16","Most important challenge","Q5: [Most important challenge]  - What are the most important challenges your business currently faces?","Q5","Regulatory and other barriers to exports (deleted since October 2016)","","Base: Total; multiple select",1095,47,"Frequency"
"612619","UK",2,"Mar16","Most important challenge","Q5: [Most important challenge]  - What are the most important challenges your business currently faces?","Q5","Retaining/recruiting skilled employees","","Base: Total; multiple select",1095,210,"Frequency"
"612620","UK",2,"Mar16","Most important challenge","Q5: [Most important challenge]  - What are the most important challenges your business currently faces?","Q5","Securing financing for business as usual","","Base: Total; multiple select",1095,160,"Frequency"
"612621","UK",2,"Mar16","Most important challenge","Q5: [Most important challenge]  - What are the most important challenges your business currently faces?","Q5","Securing financing for expansion","","Base: Total; multiple select",1095,172,"Frequency"
"612622","UK",2,"Mar16","Most important challenge","Q5: [Most important challenge]  - What are the most important challenges your business currently faces?","Q5","Selling to foreign markets (new since October 2016)","","Base: Total; multiple select",1095,NA,"Frequency"
"612623","UK",2,"Mar16","Most important challenge","Q5: [Most important challenge]  - What are the most important challenges your business currently faces?","Q5","Tax laws and rules","","Base: Total; multiple select",1095,219,"Frequency"
"612624","UK",2,"Mar16","Most important challenge","Q5: [Most important challenge]  - What are the most important challenges your business currently faces?","Q5","Uncertainty over economic conditions","","Base: Total; multiple select",1095,241,"Frequency"
"613207","UK",3,"Apr16","Most important challenge","Q5: [Most important challenge]  - What are the most important challenges your business currently faces?","Q5","Attracting customers","","Base: Total; multiple select",440,342,"Frequency"
"613208","UK",3,"Apr16","Most important challenge","Q5: [Most important challenge]  - What are the most important challenges your business currently faces?","Q5","Developing new products/innovation","","Base: Total; multiple select",440,89,"Frequency"
"613209","UK",3,"Apr16","Most important challenge","Q5: [Most important challenge]  - What are the most important challenges your business currently faces?","Q5","Finding/working with suppliers","","Base: Total; multiple select",440,75,"Frequency"
"613210","UK",3,"Apr16","Most important challenge","Q5: [Most important challenge]  - What are the most important challenges your business currently faces?","Q5","Increasing revenue","","Base: Total; multiple select",440,266,"Frequency"
"613211","UK",3,"Apr16","Most important challenge","Q5: [Most important challenge]  - What are the most important challenges your business currently faces?","Q5","Maintaining profitability","","Base: Total; multiple select",440,240,"Frequency"
"613212","UK",3,"Apr16","Most important challenge","Q5: [Most important challenge]  - What are the most important challenges your business currently faces?","Q5","Other","","Base: Total; multiple select",440,26,"Frequency"
"613213","UK",3,"Apr16","Most important challenge","Q5: [Most important challenge]  - What are the most important challenges your business currently faces?","Q5","Other government regulations (e.g., compliance, technical regulation, patents, reporting)","","Base: Total; multiple select",440,58,"Frequency"
"613214","UK",3,"Apr16","Most important challenge","Q5: [Most important challenge]  - What are the most important challenges your business currently faces?","Q5","Regulatory and other barriers to exports (deleted since October 2016)","","Base: Total; multiple select",440,10,"Frequency"
"613215","UK",3,"Apr16","Most important challenge","Q5: [Most important challenge]  - What are the most important challenges your business currently faces?","Q5","Retaining/recruiting skilled employees","","Base: Total; multiple select",440,66,"Frequency"
"613216","UK",3,"Apr16","Most important challenge","Q5: [Most important challenge]  - What are the most important challenges your business currently faces?","Q5","Securing financing for business as usual","","Base: Total; multiple select",440,70,"Frequency"
"613217","UK",3,"Apr16","Most important challenge","Q5: [Most important challenge]  - What are the most important challenges your business currently faces?","Q5","Securing financing for expansion","","Base: Total; multiple select",440,82,"Frequency"
"613218","UK",3,"Apr16","Most important challenge","Q5: [Most important challenge]  - What are the most important challenges your business currently faces?","Q5","Selling to foreign markets (new since October 2016)","","Base: Total; multiple select",440,NA,"Frequency"
"613219","UK",3,"Apr16","Most important challenge","Q5: [Most important challenge]  - What are the most important challenges your business currently faces?","Q5","Tax laws and rules","","Base: Total; multiple select",440,74,"Frequency"
"613220","UK",3,"Apr16","Most important challenge","Q5: [Most important challenge]  - What are the most important challenges your business currently faces?","Q5","Uncertainty over economic conditions","","Base: Total; multiple select",440,114,"Frequency"
"613803","UK",4,"May16","Most important challenge","Q5: [Most important challenge]  - What are the most important challenges your business currently faces?","Q5","Attracting customers","","Base: Total; multiple select",439,348,"Frequency"
"613804","UK",4,"May16","Most important challenge","Q5: [Most important challenge]  - What are the most important challenges your business currently faces?","Q5","Developing new products/innovation","","Base: Total; multiple select",439,88,"Frequency"
"613805","UK",4,"May16","Most important challenge","Q5: [Most important challenge]  - What are the most important challenges your business currently faces?","Q5","Finding/working with suppliers","","Base: Total; multiple select",439,78,"Frequency"
"613806","UK",4,"May16","Most important challenge","Q5: [Most important challenge]  - What are the most important challenges your business currently faces?","Q5","Increasing revenue","","Base: Total; multiple select",439,225,"Frequency"
"613807","UK",4,"May16","Most important challenge","Q5: [Most important challenge]  - What are the most important challenges your business currently faces?","Q5","Maintaining profitability","","Base: Total; multiple select",439,214,"Frequency"
"613808","UK",4,"May16","Most important challenge","Q5: [Most important challenge]  - What are the most important challenges your business currently faces?","Q5","Other","","Base: Total; multiple select",439,16,"Frequency"
"613809","UK",4,"May16","Most important challenge","Q5: [Most important challenge]  - What are the most important challenges your business currently faces?","Q5","Other government regulations (e.g., compliance, technical regulation, patents, reporting)","","Base: Total; multiple select",439,77,"Frequency"
"613810","UK",4,"May16","Most important challenge","Q5: [Most important challenge]  - What are the most important challenges your business currently faces?","Q5","Regulatory and other barriers to exports (deleted since October 2016)","","Base: Total; multiple select",439,20,"Frequency"
"613811","UK",4,"May16","Most important challenge","Q5: [Most important challenge]  - What are the most important challenges your business currently faces?","Q5","Retaining/recruiting skilled employees","","Base: Total; multiple select",439,67,"Frequency"
"613812","UK",4,"May16","Most important challenge","Q5: [Most important challenge]  - What are the most important challenges your business currently faces?","Q5","Securing financing for business as usual","","Base: Total; multiple select",439,64,"Frequency"
"613813","UK",4,"May16","Most important challenge","Q5: [Most important challenge]  - What are the most important challenges your business currently faces?","Q5","Securing financing for expansion","","Base: Total; multiple select",439,92,"Frequency"
"613814","UK",4,"May16","Most important challenge","Q5: [Most important challenge]  - What are the most important challenges your business currently faces?","Q5","Selling to foreign markets (new since October 2016)","","Base: Total; multiple select",439,NA,"Frequency"
"613815","UK",4,"May16","Most important challenge","Q5: [Most important challenge]  - What are the most important challenges your business currently faces?","Q5","Tax laws and rules","","Base: Total; multiple select",439,79,"Frequency"
"613816","UK",4,"May16","Most important challenge","Q5: [Most important challenge]  - What are the most important challenges your business currently faces?","Q5","Uncertainty over economic conditions","","Base: Total; multiple select",439,97,"Frequency"
"614399","UK",5,"Jun16","Most important challenge","Q5: [Most important challenge]  - What are the most important challenges your business currently faces?","Q5","Attracting customers","","Base: Total; multiple select",376,305,"Frequency"
"614400","UK",5,"Jun16","Most important challenge","Q5: [Most important challenge]  - What are the most important challenges your business currently faces?","Q5","Developing new products/innovation","","Base: Total; multiple select",376,77,"Frequency"
"614401","UK",5,"Jun16","Most important challenge","Q5: [Most important challenge]  - What are the most important challenges your business currently faces?","Q5","Finding/working with suppliers","","Base: Total; multiple select",376,47,"Frequency"
"614402","UK",5,"Jun16","Most important challenge","Q5: [Most important challenge]  - What are the most important challenges your business currently faces?","Q5","Increasing revenue","","Base: Total; multiple select",376,203,"Frequency"
"614403","UK",5,"Jun16","Most important challenge","Q5: [Most important challenge]  - What are the most important challenges your business currently faces?","Q5","Maintaining profitability","","Base: Total; multiple select",376,179,"Frequency"
"614404","UK",5,"Jun16","Most important challenge","Q5: [Most important challenge]  - What are the most important challenges your business currently faces?","Q5","Other","","Base: Total; multiple select",376,13,"Frequency"
"614405","UK",5,"Jun16","Most important challenge","Q5: [Most important challenge]  - What are the most important challenges your business currently faces?","Q5","Other government regulations (e.g., compliance, technical regulation, patents, reporting)","","Base: Total; multiple select",376,55,"Frequency"
"614406","UK",5,"Jun16","Most important challenge","Q5: [Most important challenge]  - What are the most important challenges your business currently faces?","Q5","Regulatory and other barriers to exports (deleted since October 2016)","","Base: Total; multiple select",376,10,"Frequency"
"614407","UK",5,"Jun16","Most important challenge","Q5: [Most important challenge]  - What are the most important challenges your business currently faces?","Q5","Retaining/recruiting skilled employees","","Base: Total; multiple select",376,74,"Frequency"
"614408","UK",5,"Jun16","Most important challenge","Q5: [Most important challenge]  - What are the most important challenges your business currently faces?","Q5","Securing financing for business as usual","","Base: Total; multiple select",376,54,"Frequency"
"614409","UK",5,"Jun16","Most important challenge","Q5: [Most important challenge]  - What are the most important challenges your business currently faces?","Q5","Securing financing for expansion","","Base: Total; multiple select",376,41,"Frequency"
"614410","UK",5,"Jun16","Most important challenge","Q5: [Most important challenge]  - What are the most important challenges your business currently faces?","Q5","Selling to foreign markets (new since October 2016)","","Base: Total; multiple select",376,NA,"Frequency"
"614411","UK",5,"Jun16","Most important challenge","Q5: [Most important challenge]  - What are the most important challenges your business currently faces?","Q5","Tax laws and rules","","Base: Total; multiple select",376,60,"Frequency"
"614412","UK",5,"Jun16","Most important challenge","Q5: [Most important challenge]  - What are the most important challenges your business currently faces?","Q5","Uncertainty over economic conditions","","Base: Total; multiple select",376,78,"Frequency"
"614995","UK",6,"Jul16","Most important challenge","Q5: [Most important challenge]  - What are the most important challenges your business currently faces?","Q5","Attracting customers","","Base: Total; multiple select",453,369,"Frequency"
"614996","UK",6,"Jul16","Most important challenge","Q5: [Most important challenge]  - What are the most important challenges your business currently faces?","Q5","Developing new products/innovation","","Base: Total; multiple select",453,88,"Frequency"
"614997","UK",6,"Jul16","Most important challenge","Q5: [Most important challenge]  - What are the most important challenges your business currently faces?","Q5","Finding/working with suppliers","","Base: Total; multiple select",453,76,"Frequency"
"614998","UK",6,"Jul16","Most important challenge","Q5: [Most important challenge]  - What are the most important challenges your business currently faces?","Q5","Increasing revenue","","Base: Total; multiple select",453,243,"Frequency"
"614999","UK",6,"Jul16","Most important challenge","Q5: [Most important challenge]  - What are the most important challenges your business currently faces?","Q5","Maintaining profitability","","Base: Total; multiple select",453,224,"Frequency"
"615000","UK",6,"Jul16","Most important challenge","Q5: [Most important challenge]  - What are the most important challenges your business currently faces?","Q5","Other","","Base: Total; multiple select",453,15,"Frequency"
"615001","UK",6,"Jul16","Most important challenge","Q5: [Most important challenge]  - What are the most important challenges your business currently faces?","Q5","Other government regulations (e.g., compliance, technical regulation, patents, reporting)","","Base: Total; multiple select",453,60,"Frequency"
"615002","UK",6,"Jul16","Most important challenge","Q5: [Most important challenge]  - What are the most important challenges your business currently faces?","Q5","Regulatory and other barriers to exports (deleted since October 2016)","","Base: Total; multiple select",453,20,"Frequency"
"615003","UK",6,"Jul16","Most important challenge","Q5: [Most important challenge]  - What are the most important challenges your business currently faces?","Q5","Retaining/recruiting skilled employees","","Base: Total; multiple select",453,54,"Frequency"
"615004","UK",6,"Jul16","Most important challenge","Q5: [Most important challenge]  - What are the most important challenges your business currently faces?","Q5","Securing financing for business as usual","","Base: Total; multiple select",453,55,"Frequency"
"615005","UK",6,"Jul16","Most important challenge","Q5: [Most important challenge]  - What are the most important challenges your business currently faces?","Q5","Securing financing for expansion","","Base: Total; multiple select",453,64,"Frequency"
"615006","UK",6,"Jul16","Most important challenge","Q5: [Most important challenge]  - What are the most important challenges your business currently faces?","Q5","Selling to foreign markets (new since October 2016)","","Base: Total; multiple select",453,NA,"Frequency"
"615007","UK",6,"Jul16","Most important challenge","Q5: [Most important challenge]  - What are the most important challenges your business currently faces?","Q5","Tax laws and rules","","Base: Total; multiple select",453,73,"Frequency"
"615008","UK",6,"Jul16","Most important challenge","Q5: [Most important challenge]  - What are the most important challenges your business currently faces?","Q5","Uncertainty over economic conditions","","Base: Total; multiple select",453,136,"Frequency"
"615591","UK",7,"Aug16","Most important challenge","Q5: [Most important challenge]  - What are the most important challenges your business currently faces?","Q5","Attracting customers","","Base: Total; multiple select",448,337,"Frequency"
"615592","UK",7,"Aug16","Most important challenge","Q5: [Most important challenge]  - What are the most important challenges your business currently faces?","Q5","Developing new products/innovation","","Base: Total; multiple select",448,79,"Frequency"
"615593","UK",7,"Aug16","Most important challenge","Q5: [Most important challenge]  - What are the most important challenges your business currently faces?","Q5","Finding/working with suppliers","","Base: Total; multiple select",448,56,"Frequency"
"615594","UK",7,"Aug16","Most important challenge","Q5: [Most important challenge]  - What are the most important challenges your business currently faces?","Q5","Increasing revenue","","Base: Total; multiple select",448,237,"Frequency"
"615595","UK",7,"Aug16","Most important challenge","Q5: [Most important challenge]  - What are the most important challenges your business currently faces?","Q5","Maintaining profitability","","Base: Total; multiple select",448,202,"Frequency"
"615596","UK",7,"Aug16","Most important challenge","Q5: [Most important challenge]  - What are the most important challenges your business currently faces?","Q5","Other","","Base: Total; multiple select",448,24,"Frequency"
"615597","UK",7,"Aug16","Most important challenge","Q5: [Most important challenge]  - What are the most important challenges your business currently faces?","Q5","Other government regulations (e.g., compliance, technical regulation, patents, reporting)","","Base: Total; multiple select",448,56,"Frequency"
"615598","UK",7,"Aug16","Most important challenge","Q5: [Most important challenge]  - What are the most important challenges your business currently faces?","Q5","Regulatory and other barriers to exports (deleted since October 2016)","","Base: Total; multiple select",448,20,"Frequency"
"615599","UK",7,"Aug16","Most important challenge","Q5: [Most important challenge]  - What are the most important challenges your business currently faces?","Q5","Retaining/recruiting skilled employees","","Base: Total; multiple select",448,78,"Frequency"
"615600","UK",7,"Aug16","Most important challenge","Q5: [Most important challenge]  - What are the most important challenges your business currently faces?","Q5","Securing financing for business as usual","","Base: Total; multiple select",448,62,"Frequency"
"615601","UK",7,"Aug16","Most important challenge","Q5: [Most important challenge]  - What are the most important challenges your business currently faces?","Q5","Securing financing for expansion","","Base: Total; multiple select",448,61,"Frequency"
"615602","UK",7,"Aug16","Most important challenge","Q5: [Most important challenge]  - What are the most important challenges your business currently faces?","Q5","Selling to foreign markets (new since October 2016)","","Base: Total; multiple select",448,NA,"Frequency"
"615603","UK",7,"Aug16","Most important challenge","Q5: [Most important challenge]  - What are the most important challenges your business currently faces?","Q5","Tax laws and rules","","Base: Total; multiple select",448,75,"Frequency"
"615604","UK",7,"Aug16","Most important challenge","Q5: [Most important challenge]  - What are the most important challenges your business currently faces?","Q5","Uncertainty over economic conditions","","Base: Total; multiple select",448,111,"Frequency"
"616187","UK",8,"Sep16","Most important challenge","Q5: [Most important challenge]  - What are the most important challenges your business currently faces?","Q5","Attracting customers","","Base: Total; multiple select",624,484,"Frequency"
"616188","UK",8,"Sep16","Most important challenge","Q5: [Most important challenge]  - What are the most important challenges your business currently faces?","Q5","Developing new products/innovation","","Base: Total; multiple select",624,135,"Frequency"
"616189","UK",8,"Sep16","Most important challenge","Q5: [Most important challenge]  - What are the most important challenges your business currently faces?","Q5","Finding/working with suppliers","","Base: Total; multiple select",624,95,"Frequency"
"616190","UK",8,"Sep16","Most important challenge","Q5: [Most important challenge]  - What are the most important challenges your business currently faces?","Q5","Increasing revenue","","Base: Total; multiple select",624,331,"Frequency"
"616191","UK",8,"Sep16","Most important challenge","Q5: [Most important challenge]  - What are the most important challenges your business currently faces?","Q5","Maintaining profitability","","Base: Total; multiple select",624,302,"Frequency"
"616192","UK",8,"Sep16","Most important challenge","Q5: [Most important challenge]  - What are the most important challenges your business currently faces?","Q5","Other","","Base: Total; multiple select",624,29,"Frequency"
"616193","UK",8,"Sep16","Most important challenge","Q5: [Most important challenge]  - What are the most important challenges your business currently faces?","Q5","Other government regulations (e.g., compliance, technical regulation, patents, reporting)","","Base: Total; multiple select",624,88,"Frequency"
"616194","UK",8,"Sep16","Most important challenge","Q5: [Most important challenge]  - What are the most important challenges your business currently faces?","Q5","Regulatory and other barriers to exports (deleted since October 2016)","","Base: Total; multiple select",624,14,"Frequency"
"616195","UK",8,"Sep16","Most important challenge","Q5: [Most important challenge]  - What are the most important challenges your business currently faces?","Q5","Retaining/recruiting skilled employees","","Base: Total; multiple select",624,96,"Frequency"
"616196","UK",8,"Sep16","Most important challenge","Q5: [Most important challenge]  - What are the most important challenges your business currently faces?","Q5","Securing financing for business as usual","","Base: Total; multiple select",624,87,"Frequency"
"616197","UK",8,"Sep16","Most important challenge","Q5: [Most important challenge]  - What are the most important challenges your business currently faces?","Q5","Securing financing for expansion","","Base: Total; multiple select",624,87,"Frequency"
"616198","UK",8,"Sep16","Most important challenge","Q5: [Most important challenge]  - What are the most important challenges your business currently faces?","Q5","Selling to foreign markets (new since October 2016)","","Base: Total; multiple select",624,NA,"Frequency"
"616199","UK",8,"Sep16","Most important challenge","Q5: [Most important challenge]  - What are the most important challenges your business currently faces?","Q5","Tax laws and rules","","Base: Total; multiple select",624,107,"Frequency"
"616200","UK",8,"Sep16","Most important challenge","Q5: [Most important challenge]  - What are the most important challenges your business currently faces?","Q5","Uncertainty over economic conditions","","Base: Total; multiple select",624,144,"Frequency"
"616783","UK",9,"Oct16","Most important challenge","Q5: [Most important challenge]  - What are the most important challenges your business currently faces?","Q5","Attracting customers","","Base: Total; multiple select",440,349,"Frequency"
"616784","UK",9,"Oct16","Most important challenge","Q5: [Most important challenge]  - What are the most important challenges your business currently faces?","Q5","Developing new products/innovation","","Base: Total; multiple select",440,83,"Frequency"
"616785","UK",9,"Oct16","Most important challenge","Q5: [Most important challenge]  - What are the most important challenges your business currently faces?","Q5","Finding/working with suppliers","","Base: Total; multiple select",440,69,"Frequency"
"616786","UK",9,"Oct16","Most important challenge","Q5: [Most important challenge]  - What are the most important challenges your business currently faces?","Q5","Increasing revenue","","Base: Total; multiple select",440,247,"Frequency"
"616787","UK",9,"Oct16","Most important challenge","Q5: [Most important challenge]  - What are the most important challenges your business currently faces?","Q5","Maintaining profitability","","Base: Total; multiple select",440,221,"Frequency"
"616788","UK",9,"Oct16","Most important challenge","Q5: [Most important challenge]  - What are the most important challenges your business currently faces?","Q5","Other","","Base: Total; multiple select",440,16,"Frequency"
"616789","UK",9,"Oct16","Most important challenge","Q5: [Most important challenge]  - What are the most important challenges your business currently faces?","Q5","Other government regulations (e.g., compliance, technical regulation, patents, reporting)","","Base: Total; multiple select",440,69,"Frequency"
"616790","UK",9,"Oct16","Most important challenge","Q5: [Most important challenge]  - What are the most important challenges your business currently faces?","Q5","Regulatory and other barriers to exports (deleted since October 2016)","","Base: Total; multiple select",440,NA,"Frequency"
"616791","UK",9,"Oct16","Most important challenge","Q5: [Most important challenge]  - What are the most important challenges your business currently faces?","Q5","Retaining/recruiting skilled employees","","Base: Total; multiple select",440,69,"Frequency"
"616792","UK",9,"Oct16","Most important challenge","Q5: [Most important challenge]  - What are the most important challenges your business currently faces?","Q5","Securing financing for business as usual","","Base: Total; multiple select",440,74,"Frequency"
"616793","UK",9,"Oct16","Most important challenge","Q5: [Most important challenge]  - What are the most important challenges your business currently faces?","Q5","Securing financing for expansion","","Base: Total; multiple select",440,70,"Frequency"
"616794","UK",9,"Oct16","Most important challenge","Q5: [Most important challenge]  - What are the most important challenges your business currently faces?","Q5","Selling to foreign markets (new since October 2016)","","Base: Total; multiple select",440,33,"Frequency"
"616795","UK",9,"Oct16","Most important challenge","Q5: [Most important challenge]  - What are the most important challenges your business currently faces?","Q5","Tax laws and rules","","Base: Total; multiple select",440,63,"Frequency"
"616796","UK",9,"Oct16","Most important challenge","Q5: [Most important challenge]  - What are the most important challenges your business currently faces?","Q5","Uncertainty over economic conditions","","Base: Total; multiple select",440,125,"Frequency"
"617379","UK",10,"Nov16","Most important challenge","Q5: [Most important challenge]  - What are the most important challenges your business currently faces?","Q5","Attracting customers","","Base: Total; multiple select",547,428,"Frequency"
"617380","UK",10,"Nov16","Most important challenge","Q5: [Most important challenge]  - What are the most important challenges your business currently faces?","Q5","Developing new products/innovation","","Base: Total; multiple select",547,106,"Frequency"
"617381","UK",10,"Nov16","Most important challenge","Q5: [Most important challenge]  - What are the most important challenges your business currently faces?","Q5","Finding/working with suppliers","","Base: Total; multiple select",547,103,"Frequency"
"617382","UK",10,"Nov16","Most important challenge","Q5: [Most important challenge]  - What are the most important challenges your business currently faces?","Q5","Increasing revenue","","Base: Total; multiple select",547,291,"Frequency"
"617383","UK",10,"Nov16","Most important challenge","Q5: [Most important challenge]  - What are the most important challenges your business currently faces?","Q5","Maintaining profitability","","Base: Total; multiple select",547,277,"Frequency"
"617384","UK",10,"Nov16","Most important challenge","Q5: [Most important challenge]  - What are the most important challenges your business currently faces?","Q5","Other","","Base: Total; multiple select",547,25,"Frequency"
"617385","UK",10,"Nov16","Most important challenge","Q5: [Most important challenge]  - What are the most important challenges your business currently faces?","Q5","Other government regulations (e.g., compliance, technical regulation, patents, reporting)","","Base: Total; multiple select",547,98,"Frequency"
"617386","UK",10,"Nov16","Most important challenge","Q5: [Most important challenge]  - What are the most important challenges your business currently faces?","Q5","Regulatory and other barriers to exports (deleted since October 2016)","","Base: Total; multiple select",547,NA,"Frequency"
"617387","UK",10,"Nov16","Most important challenge","Q5: [Most important challenge]  - What are the most important challenges your business currently faces?","Q5","Retaining/recruiting skilled employees","","Base: Total; multiple select",547,110,"Frequency"
"617388","UK",10,"Nov16","Most important challenge","Q5: [Most important challenge]  - What are the most important challenges your business currently faces?","Q5","Securing financing for business as usual","","Base: Total; multiple select",547,76,"Frequency"
"617389","UK",10,"Nov16","Most important challenge","Q5: [Most important challenge]  - What are the most important challenges your business currently faces?","Q5","Securing financing for expansion","","Base: Total; multiple select",547,65,"Frequency"
"617390","UK",10,"Nov16","Most important challenge","Q5: [Most important challenge]  - What are the most important challenges your business currently faces?","Q5","Selling to foreign markets (new since October 2016)","","Base: Total; multiple select",547,44,"Frequency"
"617391","UK",10,"Nov16","Most important challenge","Q5: [Most important challenge]  - What are the most important challenges your business currently faces?","Q5","Tax laws and rules","","Base: Total; multiple select",547,91,"Frequency"
"617392","UK",10,"Nov16","Most important challenge","Q5: [Most important challenge]  - What are the most important challenges your business currently faces?","Q5","Uncertainty over economic conditions","","Base: Total; multiple select",547,169,"Frequency"
"617975","UK",11,"Dec16","Most important challenge","Q5: [Most important challenge]  - What are the most important challenges your business currently faces?","Q5","Attracting customers","","Base: Total; multiple select",429,323,"Frequency"
"617976","UK",11,"Dec16","Most important challenge","Q5: [Most important challenge]  - What are the most important challenges your business currently faces?","Q5","Developing new products/innovation","","Base: Total; multiple select",429,86,"Frequency"
"617977","UK",11,"Dec16","Most important challenge","Q5: [Most important challenge]  - What are the most important challenges your business currently faces?","Q5","Finding/working with suppliers","","Base: Total; multiple select",429,76,"Frequency"
"617978","UK",11,"Dec16","Most important challenge","Q5: [Most important challenge]  - What are the most important challenges your business currently faces?","Q5","Increasing revenue","","Base: Total; multiple select",429,251,"Frequency"
"617979","UK",11,"Dec16","Most important challenge","Q5: [Most important challenge]  - What are the most important challenges your business currently faces?","Q5","Maintaining profitability","","Base: Total; multiple select",429,197,"Frequency"
"617980","UK",11,"Dec16","Most important challenge","Q5: [Most important challenge]  - What are the most important challenges your business currently faces?","Q5","Other","","Base: Total; multiple select",429,17,"Frequency"
"617981","UK",11,"Dec16","Most important challenge","Q5: [Most important challenge]  - What are the most important challenges your business currently faces?","Q5","Other government regulations (e.g., compliance, technical regulation, patents, reporting)","","Base: Total; multiple select",429,60,"Frequency"
"617982","UK",11,"Dec16","Most important challenge","Q5: [Most important challenge]  - What are the most important challenges your business currently faces?","Q5","Regulatory and other barriers to exports (deleted since October 2016)","","Base: Total; multiple select",429,NA,"Frequency"
"617983","UK",11,"Dec16","Most important challenge","Q5: [Most important challenge]  - What are the most important challenges your business currently faces?","Q5","Retaining/recruiting skilled employees","","Base: Total; multiple select",429,66,"Frequency"
"617984","UK",11,"Dec16","Most important challenge","Q5: [Most important challenge]  - What are the most important challenges your business currently faces?","Q5","Securing financing for business as usual","","Base: Total; multiple select",429,63,"Frequency"
"617985","UK",11,"Dec16","Most important challenge","Q5: [Most important challenge]  - What are the most important challenges your business currently faces?","Q5","Securing financing for expansion","","Base: Total; multiple select",429,67,"Frequency"
"617986","UK",11,"Dec16","Most important challenge","Q5: [Most important challenge]  - What are the most important challenges your business currently faces?","Q5","Selling to foreign markets (new since October 2016)","","Base: Total; multiple select",429,37,"Frequency"
"617987","UK",11,"Dec16","Most important challenge","Q5: [Most important challenge]  - What are the most important challenges your business currently faces?","Q5","Tax laws and rules","","Base: Total; multiple select",429,66,"Frequency"
"617988","UK",11,"Dec16","Most important challenge","Q5: [Most important challenge]  - What are the most important challenges your business currently faces?","Q5","Uncertainty over economic conditions","","Base: Total; multiple select",429,124,"Frequency"
"618571","UK",12,"Jan17","Most important challenge","Q5: [Most important challenge]  - What are the most important challenges your business currently faces?","Q5","Attracting customers","","Base: Total; multiple select",549,438,"Frequency"
"618572","UK",12,"Jan17","Most important challenge","Q5: [Most important challenge]  - What are the most important challenges your business currently faces?","Q5","Developing new products/innovation","","Base: Total; multiple select",549,114,"Frequency"
"618573","UK",12,"Jan17","Most important challenge","Q5: [Most important challenge]  - What are the most important challenges your business currently faces?","Q5","Finding/working with suppliers","","Base: Total; multiple select",549,76,"Frequency"
"618574","UK",12,"Jan17","Most important challenge","Q5: [Most important challenge]  - What are the most important challenges your business currently faces?","Q5","Increasing revenue","","Base: Total; multiple select",549,323,"Frequency"
"618575","UK",12,"Jan17","Most important challenge","Q5: [Most important challenge]  - What are the most important challenges your business currently faces?","Q5","Maintaining profitability","","Base: Total; multiple select",549,288,"Frequency"
"618576","UK",12,"Jan17","Most important challenge","Q5: [Most important challenge]  - What are the most important challenges your business currently faces?","Q5","Other","","Base: Total; multiple select",549,23,"Frequency"
"618577","UK",12,"Jan17","Most important challenge","Q5: [Most important challenge]  - What are the most important challenges your business currently faces?","Q5","Other government regulations (e.g., compliance, technical regulation, patents, reporting)","","Base: Total; multiple select",549,75,"Frequency"
"618578","UK",12,"Jan17","Most important challenge","Q5: [Most important challenge]  - What are the most important challenges your business currently faces?","Q5","Regulatory and other barriers to exports (deleted since October 2016)","","Base: Total; multiple select",549,NA,"Frequency"
"618579","UK",12,"Jan17","Most important challenge","Q5: [Most important challenge]  - What are the most important challenges your business currently faces?","Q5","Retaining/recruiting skilled employees","","Base: Total; multiple select",549,100,"Frequency"
"618580","UK",12,"Jan17","Most important challenge","Q5: [Most important challenge]  - What are the most important challenges your business currently faces?","Q5","Securing financing for business as usual","","Base: Total; multiple select",549,85,"Frequency"
"618581","UK",12,"Jan17","Most important challenge","Q5: [Most important challenge]  - What are the most important challenges your business currently faces?","Q5","Securing financing for expansion","","Base: Total; multiple select",549,79,"Frequency"
"618582","UK",12,"Jan17","Most important challenge","Q5: [Most important challenge]  - What are the most important challenges your business currently faces?","Q5","Selling to foreign markets (new since October 2016)","","Base: Total; multiple select",549,52,"Frequency"
"618583","UK",12,"Jan17","Most important challenge","Q5: [Most important challenge]  - What are the most important challenges your business currently faces?","Q5","Tax laws and rules","","Base: Total; multiple select",549,99,"Frequency"
"618584","UK",12,"Jan17","Most important challenge","Q5: [Most important challenge]  - What are the most important challenges your business currently faces?","Q5","Uncertainty over economic conditions","","Base: Total; multiple select",549,151,"Frequency"
"619167","UK",13,"Feb17","Most important challenge","Q5: [Most important challenge]  - What are the most important challenges your business currently faces?","Q5","Attracting customers","","Base: Total; multiple select",467,362,"Frequency"
"619168","UK",13,"Feb17","Most important challenge","Q5: [Most important challenge]  - What are the most important challenges your business currently faces?","Q5","Developing new products/innovation","","Base: Total; multiple select",467,85,"Frequency"
"619169","UK",13,"Feb17","Most important challenge","Q5: [Most important challenge]  - What are the most important challenges your business currently faces?","Q5","Finding/working with suppliers","","Base: Total; multiple select",467,78,"Frequency"
"619170","UK",13,"Feb17","Most important challenge","Q5: [Most important challenge]  - What are the most important challenges your business currently faces?","Q5","Increasing revenue","","Base: Total; multiple select",467,244,"Frequency"
"619171","UK",13,"Feb17","Most important challenge","Q5: [Most important challenge]  - What are the most important challenges your business currently faces?","Q5","Maintaining profitability","","Base: Total; multiple select",467,220,"Frequency"
"619172","UK",13,"Feb17","Most important challenge","Q5: [Most important challenge]  - What are the most important challenges your business currently faces?","Q5","Other","","Base: Total; multiple select",467,16,"Frequency"
"619173","UK",13,"Feb17","Most important challenge","Q5: [Most important challenge]  - What are the most important challenges your business currently faces?","Q5","Other government regulations (e.g., compliance, technical regulation, patents, reporting)","","Base: Total; multiple select",467,63,"Frequency"
"619174","UK",13,"Feb17","Most important challenge","Q5: [Most important challenge]  - What are the most important challenges your business currently faces?","Q5","Regulatory and other barriers to exports (deleted since October 2016)","","Base: Total; multiple select",467,NA,"Frequency"
"619175","UK",13,"Feb17","Most important challenge","Q5: [Most important challenge]  - What are the most important challenges your business currently faces?","Q5","Retaining/recruiting skilled employees","","Base: Total; multiple select",467,70,"Frequency"
"619176","UK",13,"Feb17","Most important challenge","Q5: [Most important challenge]  - What are the most important challenges your business currently faces?","Q5","Securing financing for business as usual","","Base: Total; multiple select",467,70,"Frequency"
"619177","UK",13,"Feb17","Most important challenge","Q5: [Most important challenge]  - What are the most important challenges your business currently faces?","Q5","Securing financing for expansion","","Base: Total; multiple select",467,78,"Frequency"
"619178","UK",13,"Feb17","Most important challenge","Q5: [Most important challenge]  - What are the most important challenges your business currently faces?","Q5","Selling to foreign markets (new since October 2016)","","Base: Total; multiple select",467,38,"Frequency"
"619179","UK",13,"Feb17","Most important challenge","Q5: [Most important challenge]  - What are the most important challenges your business currently faces?","Q5","Tax laws and rules","","Base: Total; multiple select",467,78,"Frequency"
"619180","UK",13,"Feb17","Most important challenge","Q5: [Most important challenge]  - What are the most important challenges your business currently faces?","Q5","Uncertainty over economic conditions","","Base: Total; multiple select",467,130,"Frequency"
"619763","UK",14,"Mar17","Most important challenge","Q5: [Most important challenge]  - What are the most important challenges your business currently faces?","Q5","Attracting customers","","Base: Total; multiple select",381,282,"Frequency"
"619764","UK",14,"Mar17","Most important challenge","Q5: [Most important challenge]  - What are the most important challenges your business currently faces?","Q5","Developing new products/innovation","","Base: Total; multiple select",381,82,"Frequency"
"619765","UK",14,"Mar17","Most important challenge","Q5: [Most important challenge]  - What are the most important challenges your business currently faces?","Q5","Finding/working with suppliers","","Base: Total; multiple select",381,69,"Frequency"
"619766","UK",14,"Mar17","Most important challenge","Q5: [Most important challenge]  - What are the most important challenges your business currently faces?","Q5","Increasing revenue","","Base: Total; multiple select",381,201,"Frequency"
"619767","UK",14,"Mar17","Most important challenge","Q5: [Most important challenge]  - What are the most important challenges your business currently faces?","Q5","Maintaining profitability","","Base: Total; multiple select",381,182,"Frequency"
"619768","UK",14,"Mar17","Most important challenge","Q5: [Most important challenge]  - What are the most important challenges your business currently faces?","Q5","Other","","Base: Total; multiple select",381,13,"Frequency"
"619769","UK",14,"Mar17","Most important challenge","Q5: [Most important challenge]  - What are the most important challenges your business currently faces?","Q5","Other government regulations (e.g., compliance, technical regulation, patents, reporting)","","Base: Total; multiple select",381,61,"Frequency"
"619770","UK",14,"Mar17","Most important challenge","Q5: [Most important challenge]  - What are the most important challenges your business currently faces?","Q5","Regulatory and other barriers to exports (deleted since October 2016)","","Base: Total; multiple select",381,NA,"Frequency"
"619771","UK",14,"Mar17","Most important challenge","Q5: [Most important challenge]  - What are the most important challenges your business currently faces?","Q5","Retaining/recruiting skilled employees","","Base: Total; multiple select",381,60,"Frequency"
"619772","UK",14,"Mar17","Most important challenge","Q5: [Most important challenge]  - What are the most important challenges your business currently faces?","Q5","Securing financing for business as usual","","Base: Total; multiple select",381,56,"Frequency"
"619773","UK",14,"Mar17","Most important challenge","Q5: [Most important challenge]  - What are the most important challenges your business currently faces?","Q5","Securing financing for expansion","","Base: Total; multiple select",381,64,"Frequency"
"619774","UK",14,"Mar17","Most important challenge","Q5: [Most important challenge]  - What are the most important challenges your business currently faces?","Q5","Selling to foreign markets (new since October 2016)","","Base: Total; multiple select",381,30,"Frequency"
"619775","UK",14,"Mar17","Most important challenge","Q5: [Most important challenge]  - What are the most important challenges your business currently faces?","Q5","Tax laws and rules","","Base: Total; multiple select",381,78,"Frequency"
"619776","UK",14,"Mar17","Most important challenge","Q5: [Most important challenge]  - What are the most important challenges your business currently faces?","Q5","Uncertainty over economic conditions","","Base: Total; multiple select",381,94,"Frequency"
"620359","UK",15,"Apr17","Most important challenge","Q5: [Most important challenge]  - What are the most important challenges your business currently faces?","Q5","Attracting customers","","Base: Total; multiple select",508,409,"Frequency"
"620360","UK",15,"Apr17","Most important challenge","Q5: [Most important challenge]  - What are the most important challenges your business currently faces?","Q5","Developing new products/innovation","","Base: Total; multiple select",508,103,"Frequency"
"620361","UK",15,"Apr17","Most important challenge","Q5: [Most important challenge]  - What are the most important challenges your business currently faces?","Q5","Finding/working with suppliers","","Base: Total; multiple select",508,81,"Frequency"
"620362","UK",15,"Apr17","Most important challenge","Q5: [Most important challenge]  - What are the most important challenges your business currently faces?","Q5","Increasing revenue","","Base: Total; multiple select",508,309,"Frequency"
"620363","UK",15,"Apr17","Most important challenge","Q5: [Most important challenge]  - What are the most important challenges your business currently faces?","Q5","Maintaining profitability","","Base: Total; multiple select",508,270,"Frequency"
"620364","UK",15,"Apr17","Most important challenge","Q5: [Most important challenge]  - What are the most important challenges your business currently faces?","Q5","Other","","Base: Total; multiple select",508,19,"Frequency"
"620365","UK",15,"Apr17","Most important challenge","Q5: [Most important challenge]  - What are the most important challenges your business currently faces?","Q5","Other government regulations (e.g., compliance, technical regulation, patents, reporting)","","Base: Total; multiple select",508,90,"Frequency"
"620366","UK",15,"Apr17","Most important challenge","Q5: [Most important challenge]  - What are the most important challenges your business currently faces?","Q5","Regulatory and other barriers to exports (deleted since October 2016)","","Base: Total; multiple select",508,NA,"Frequency"
"620367","UK",15,"Apr17","Most important challenge","Q5: [Most important challenge]  - What are the most important challenges your business currently faces?","Q5","Retaining/recruiting skilled employees","","Base: Total; multiple select",508,73,"Frequency"
"620368","UK",15,"Apr17","Most important challenge","Q5: [Most important challenge]  - What are the most important challenges your business currently faces?","Q5","Securing financing for business as usual","","Base: Total; multiple select",508,73,"Frequency"
"620369","UK",15,"Apr17","Most important challenge","Q5: [Most important challenge]  - What are the most important challenges your business currently faces?","Q5","Securing financing for expansion","","Base: Total; multiple select",508,90,"Frequency"
"620370","UK",15,"Apr17","Most important challenge","Q5: [Most important challenge]  - What are the most important challenges your business currently faces?","Q5","Selling to foreign markets (new since October 2016)","","Base: Total; multiple select",508,37,"Frequency"
"620371","UK",15,"Apr17","Most important challenge","Q5: [Most important challenge]  - What are the most important challenges your business currently faces?","Q5","Tax laws and rules","","Base: Total; multiple select",508,102,"Frequency"
"620372","UK",15,"Apr17","Most important challenge","Q5: [Most important challenge]  - What are the most important challenges your business currently faces?","Q5","Uncertainty over economic conditions","","Base: Total; multiple select",508,143,"Frequency"
"620955","UK",16,"May17","Most important challenge","Q5: [Most important challenge]  - What are the most important challenges your business currently faces?","Q5","Attracting customers","","Base: Total; multiple select",433,332,"Frequency"
"620956","UK",16,"May17","Most important challenge","Q5: [Most important challenge]  - What are the most important challenges your business currently faces?","Q5","Developing new products/innovation","","Base: Total; multiple select",433,74,"Frequency"
"620957","UK",16,"May17","Most important challenge","Q5: [Most important challenge]  - What are the most important challenges your business currently faces?","Q5","Finding/working with suppliers","","Base: Total; multiple select",433,70,"Frequency"
"620958","UK",16,"May17","Most important challenge","Q5: [Most important challenge]  - What are the most important challenges your business currently faces?","Q5","Increasing revenue","","Base: Total; multiple select",433,244,"Frequency"
"620959","UK",16,"May17","Most important challenge","Q5: [Most important challenge]  - What are the most important challenges your business currently faces?","Q5","Maintaining profitability","","Base: Total; multiple select",433,210,"Frequency"
"620960","UK",16,"May17","Most important challenge","Q5: [Most important challenge]  - What are the most important challenges your business currently faces?","Q5","Other","","Base: Total; multiple select",433,18,"Frequency"
"620961","UK",16,"May17","Most important challenge","Q5: [Most important challenge]  - What are the most important challenges your business currently faces?","Q5","Other government regulations (e.g., compliance, technical regulation, patents, reporting)","","Base: Total; multiple select",433,76,"Frequency"
"620962","UK",16,"May17","Most important challenge","Q5: [Most important challenge]  - What are the most important challenges your business currently faces?","Q5","Regulatory and other barriers to exports (deleted since October 2016)","","Base: Total; multiple select",433,NA,"Frequency"
"620963","UK",16,"May17","Most important challenge","Q5: [Most important challenge]  - What are the most important challenges your business currently faces?","Q5","Retaining/recruiting skilled employees","","Base: Total; multiple select",433,79,"Frequency"
"620964","UK",16,"May17","Most important challenge","Q5: [Most important challenge]  - What are the most important challenges your business currently faces?","Q5","Securing financing for business as usual","","Base: Total; multiple select",433,59,"Frequency"
"620965","UK",16,"May17","Most important challenge","Q5: [Most important challenge]  - What are the most important challenges your business currently faces?","Q5","Securing financing for expansion","","Base: Total; multiple select",433,72,"Frequency"
"620966","UK",16,"May17","Most important challenge","Q5: [Most important challenge]  - What are the most important challenges your business currently faces?","Q5","Selling to foreign markets (new since October 2016)","","Base: Total; multiple select",433,44,"Frequency"
"620967","UK",16,"May17","Most important challenge","Q5: [Most important challenge]  - What are the most important challenges your business currently faces?","Q5","Tax laws and rules","","Base: Total; multiple select",433,84,"Frequency"
"620968","UK",16,"May17","Most important challenge","Q5: [Most important challenge]  - What are the most important challenges your business currently faces?","Q5","Uncertainty over economic conditions","","Base: Total; multiple select",433,125,"Frequency"
"621551","UK",17,"Jun17","Most important challenge","Q5: [Most important challenge]  - What are the most important challenges your business currently faces?","Q5","Attracting customers","","Base: Total; multiple select",430,330,"Frequency"
"621552","UK",17,"Jun17","Most important challenge","Q5: [Most important challenge]  - What are the most important challenges your business currently faces?","Q5","Developing new products/innovation","","Base: Total; multiple select",430,98,"Frequency"
"621553","UK",17,"Jun17","Most important challenge","Q5: [Most important challenge]  - What are the most important challenges your business currently faces?","Q5","Finding/working with suppliers","","Base: Total; multiple select",430,85,"Frequency"
"621554","UK",17,"Jun17","Most important challenge","Q5: [Most important challenge]  - What are the most important challenges your business currently faces?","Q5","Increasing revenue","","Base: Total; multiple select",430,257,"Frequency"
"621555","UK",17,"Jun17","Most important challenge","Q5: [Most important challenge]  - What are the most important challenges your business currently faces?","Q5","Maintaining profitability","","Base: Total; multiple select",430,228,"Frequency"
"621556","UK",17,"Jun17","Most important challenge","Q5: [Most important challenge]  - What are the most important challenges your business currently faces?","Q5","Other","","Base: Total; multiple select",430,23,"Frequency"
"621557","UK",17,"Jun17","Most important challenge","Q5: [Most important challenge]  - What are the most important challenges your business currently faces?","Q5","Other government regulations (e.g., compliance, technical regulation, patents, reporting)","","Base: Total; multiple select",430,70,"Frequency"
"621558","UK",17,"Jun17","Most important challenge","Q5: [Most important challenge]  - What are the most important challenges your business currently faces?","Q5","Regulatory and other barriers to exports (deleted since October 2016)","","Base: Total; multiple select",430,NA,"Frequency"
"621559","UK",17,"Jun17","Most important challenge","Q5: [Most important challenge]  - What are the most important challenges your business currently faces?","Q5","Retaining/recruiting skilled employees","","Base: Total; multiple select",430,83,"Frequency"
"621560","UK",17,"Jun17","Most important challenge","Q5: [Most important challenge]  - What are the most important challenges your business currently faces?","Q5","Securing financing for business as usual","","Base: Total; multiple select",430,72,"Frequency"
"621561","UK",17,"Jun17","Most important challenge","Q5: [Most important challenge]  - What are the most important challenges your business currently faces?","Q5","Securing financing for expansion","","Base: Total; multiple select",430,83,"Frequency"
"621562","UK",17,"Jun17","Most important challenge","Q5: [Most important challenge]  - What are the most important challenges your business currently faces?","Q5","Selling to foreign markets (new since October 2016)","","Base: Total; multiple select",430,50,"Frequency"
"621563","UK",17,"Jun17","Most important challenge","Q5: [Most important challenge]  - What are the most important challenges your business currently faces?","Q5","Tax laws and rules","","Base: Total; multiple select",430,88,"Frequency"
"621564","UK",17,"Jun17","Most important challenge","Q5: [Most important challenge]  - What are the most important challenges your business currently faces?","Q5","Uncertainty over economic conditions","","Base: Total; multiple select",430,135,"Frequency"
"622147","UK",18,"Jul17","Most important challenge","Q5: [Most important challenge]  - What are the most important challenges your business currently faces?","Q5","Attracting customers","","Base: Total; multiple select",445,336,"Frequency"
"622148","UK",18,"Jul17","Most important challenge","Q5: [Most important challenge]  - What are the most important challenges your business currently faces?","Q5","Developing new products/innovation","","Base: Total; multiple select",445,94,"Frequency"
"622149","UK",18,"Jul17","Most important challenge","Q5: [Most important challenge]  - What are the most important challenges your business currently faces?","Q5","Finding/working with suppliers","","Base: Total; multiple select",445,70,"Frequency"
"622150","UK",18,"Jul17","Most important challenge","Q5: [Most important challenge]  - What are the most important challenges your business currently faces?","Q5","Increasing revenue","","Base: Total; multiple select",445,259,"Frequency"
"622151","UK",18,"Jul17","Most important challenge","Q5: [Most important challenge]  - What are the most important challenges your business currently faces?","Q5","Maintaining profitability","","Base: Total; multiple select",445,241,"Frequency"
"622152","UK",18,"Jul17","Most important challenge","Q5: [Most important challenge]  - What are the most important challenges your business currently faces?","Q5","Other","","Base: Total; multiple select",445,25,"Frequency"
"622153","UK",18,"Jul17","Most important challenge","Q5: [Most important challenge]  - What are the most important challenges your business currently faces?","Q5","Other government regulations (e.g., compliance, technical regulation, patents, reporting)","","Base: Total; multiple select",445,73,"Frequency"
"622154","UK",18,"Jul17","Most important challenge","Q5: [Most important challenge]  - What are the most important challenges your business currently faces?","Q5","Regulatory and other barriers to exports (deleted since October 2016)","","Base: Total; multiple select",445,NA,"Frequency"
"622155","UK",18,"Jul17","Most important challenge","Q5: [Most important challenge]  - What are the most important challenges your business currently faces?","Q5","Retaining/recruiting skilled employees","","Base: Total; multiple select",445,89,"Frequency"
"622156","UK",18,"Jul17","Most important challenge","Q5: [Most important challenge]  - What are the most important challenges your business currently faces?","Q5","Securing financing for business as usual","","Base: Total; multiple select",445,53,"Frequency"
"622157","UK",18,"Jul17","Most important challenge","Q5: [Most important challenge]  - What are the most important challenges your business currently faces?","Q5","Securing financing for expansion","","Base: Total; multiple select",445,70,"Frequency"
"622158","UK",18,"Jul17","Most important challenge","Q5: [Most important challenge]  - What are the most important challenges your business currently faces?","Q5","Selling to foreign markets (new since October 2016)","","Base: Total; multiple select",445,35,"Frequency"
"622159","UK",18,"Jul17","Most important challenge","Q5: [Most important challenge]  - What are the most important challenges your business currently faces?","Q5","Tax laws and rules","","Base: Total; multiple select",445,82,"Frequency"
"622160","UK",18,"Jul17","Most important challenge","Q5: [Most important challenge]  - What are the most important challenges your business currently faces?","Q5","Uncertainty over economic conditions","","Base: Total; multiple select",445,137,"Frequency"
"622743","UK",19,"Aug17","Most important challenge","Q5: [Most important challenge]  - What are the most important challenges your business currently faces?","Q5","Attracting customers","","Base: Total; multiple select",490,381,"Frequency"
"622744","UK",19,"Aug17","Most important challenge","Q5: [Most important challenge]  - What are the most important challenges your business currently faces?","Q5","Developing new products/innovation","","Base: Total; multiple select",490,98,"Frequency"
"622745","UK",19,"Aug17","Most important challenge","Q5: [Most important challenge]  - What are the most important challenges your business currently faces?","Q5","Finding/working with suppliers","","Base: Total; multiple select",490,87,"Frequency"
"622746","UK",19,"Aug17","Most important challenge","Q5: [Most important challenge]  - What are the most important challenges your business currently faces?","Q5","Increasing revenue","","Base: Total; multiple select",490,274,"Frequency"
"622747","UK",19,"Aug17","Most important challenge","Q5: [Most important challenge]  - What are the most important challenges your business currently faces?","Q5","Maintaining profitability","","Base: Total; multiple select",490,253,"Frequency"
"622748","UK",19,"Aug17","Most important challenge","Q5: [Most important challenge]  - What are the most important challenges your business currently faces?","Q5","Other","","Base: Total; multiple select",490,24,"Frequency"
"622749","UK",19,"Aug17","Most important challenge","Q5: [Most important challenge]  - What are the most important challenges your business currently faces?","Q5","Other government regulations (e.g., compliance, technical regulation, patents, reporting)","","Base: Total; multiple select",490,71,"Frequency"
"622750","UK",19,"Aug17","Most important challenge","Q5: [Most important challenge]  - What are the most important challenges your business currently faces?","Q5","Regulatory and other barriers to exports (deleted since October 2016)","","Base: Total; multiple select",490,NA,"Frequency"
"622751","UK",19,"Aug17","Most important challenge","Q5: [Most important challenge]  - What are the most important challenges your business currently faces?","Q5","Retaining/recruiting skilled employees","","Base: Total; multiple select",490,73,"Frequency"
"622752","UK",19,"Aug17","Most important challenge","Q5: [Most important challenge]  - What are the most important challenges your business currently faces?","Q5","Securing financing for business as usual","","Base: Total; multiple select",490,79,"Frequency"
"622753","UK",19,"Aug17","Most important challenge","Q5: [Most important challenge]  - What are the most important challenges your business currently faces?","Q5","Securing financing for expansion","","Base: Total; multiple select",490,82,"Frequency"
"622754","UK",19,"Aug17","Most important challenge","Q5: [Most important challenge]  - What are the most important challenges your business currently faces?","Q5","Selling to foreign markets (new since October 2016)","","Base: Total; multiple select",490,36,"Frequency"
"622755","UK",19,"Aug17","Most important challenge","Q5: [Most important challenge]  - What are the most important challenges your business currently faces?","Q5","Tax laws and rules","","Base: Total; multiple select",490,92,"Frequency"
"622756","UK",19,"Aug17","Most important challenge","Q5: [Most important challenge]  - What are the most important challenges your business currently faces?","Q5","Uncertainty over economic conditions","","Base: Total; multiple select",490,140,"Frequency"
"623339","UK",20,"Sep17","Most important challenge","Q5: [Most important challenge]  - What are the most important challenges your business currently faces?","Q5","Attracting customers","","Base: Total; multiple select",442,357,"Frequency"
"623340","UK",20,"Sep17","Most important challenge","Q5: [Most important challenge]  - What are the most important challenges your business currently faces?","Q5","Developing new products/innovation","","Base: Total; multiple select",442,93,"Frequency"
"623341","UK",20,"Sep17","Most important challenge","Q5: [Most important challenge]  - What are the most important challenges your business currently faces?","Q5","Finding/working with suppliers","","Base: Total; multiple select",442,65,"Frequency"
"623342","UK",20,"Sep17","Most important challenge","Q5: [Most important challenge]  - What are the most important challenges your business currently faces?","Q5","Increasing revenue","","Base: Total; multiple select",442,259,"Frequency"
"623343","UK",20,"Sep17","Most important challenge","Q5: [Most important challenge]  - What are the most important challenges your business currently faces?","Q5","Maintaining profitability","","Base: Total; multiple select",442,251,"Frequency"
"623344","UK",20,"Sep17","Most important challenge","Q5: [Most important challenge]  - What are the most important challenges your business currently faces?","Q5","Other","","Base: Total; multiple select",442,26,"Frequency"
"623345","UK",20,"Sep17","Most important challenge","Q5: [Most important challenge]  - What are the most important challenges your business currently faces?","Q5","Other government regulations (e.g., compliance, technical regulation, patents, reporting)","","Base: Total; multiple select",442,79,"Frequency"
"623346","UK",20,"Sep17","Most important challenge","Q5: [Most important challenge]  - What are the most important challenges your business currently faces?","Q5","Regulatory and other barriers to exports (deleted since October 2016)","","Base: Total; multiple select",442,NA,"Frequency"
"623347","UK",20,"Sep17","Most important challenge","Q5: [Most important challenge]  - What are the most important challenges your business currently faces?","Q5","Retaining/recruiting skilled employees","","Base: Total; multiple select",442,81,"Frequency"
"623348","UK",20,"Sep17","Most important challenge","Q5: [Most important challenge]  - What are the most important challenges your business currently faces?","Q5","Securing financing for business as usual","","Base: Total; multiple select",442,68,"Frequency"
"623349","UK",20,"Sep17","Most important challenge","Q5: [Most important challenge]  - What are the most important challenges your business currently faces?","Q5","Securing financing for expansion","","Base: Total; multiple select",442,79,"Frequency"
"623350","UK",20,"Sep17","Most important challenge","Q5: [Most important challenge]  - What are the most important challenges your business currently faces?","Q5","Selling to foreign markets (new since October 2016)","","Base: Total; multiple select",442,35,"Frequency"
"623351","UK",20,"Sep17","Most important challenge","Q5: [Most important challenge]  - What are the most important challenges your business currently faces?","Q5","Tax laws and rules","","Base: Total; multiple select",442,82,"Frequency"
"623352","UK",20,"Sep17","Most important challenge","Q5: [Most important challenge]  - What are the most important challenges your business currently faces?","Q5","Uncertainty over economic conditions","","Base: Total; multiple select",442,130,"Frequency"
"623935","UK",21,"Oct17","Most important challenge","Q5: [Most important challenge]  - What are the most important challenges your business currently faces?","Q5","Attracting customers","","Base: Total; multiple select",432,345,"Frequency"
"623936","UK",21,"Oct17","Most important challenge","Q5: [Most important challenge]  - What are the most important challenges your business currently faces?","Q5","Developing new products/innovation","","Base: Total; multiple select",432,93,"Frequency"
"623937","UK",21,"Oct17","Most important challenge","Q5: [Most important challenge]  - What are the most important challenges your business currently faces?","Q5","Finding/working with suppliers","","Base: Total; multiple select",432,72,"Frequency"
"623938","UK",21,"Oct17","Most important challenge","Q5: [Most important challenge]  - What are the most important challenges your business currently faces?","Q5","Increasing revenue","","Base: Total; multiple select",432,239,"Frequency"
"623939","UK",21,"Oct17","Most important challenge","Q5: [Most important challenge]  - What are the most important challenges your business currently faces?","Q5","Maintaining profitability","","Base: Total; multiple select",432,229,"Frequency"
"623940","UK",21,"Oct17","Most important challenge","Q5: [Most important challenge]  - What are the most important challenges your business currently faces?","Q5","Other","","Base: Total; multiple select",432,21,"Frequency"
"623941","UK",21,"Oct17","Most important challenge","Q5: [Most important challenge]  - What are the most important challenges your business currently faces?","Q5","Other government regulations (e.g., compliance, technical regulation, patents, reporting)","","Base: Total; multiple select",432,71,"Frequency"
"623942","UK",21,"Oct17","Most important challenge","Q5: [Most important challenge]  - What are the most important challenges your business currently faces?","Q5","Regulatory and other barriers to exports (deleted since October 2016)","","Base: Total; multiple select",432,NA,"Frequency"
"623943","UK",21,"Oct17","Most important challenge","Q5: [Most important challenge]  - What are the most important challenges your business currently faces?","Q5","Retaining/recruiting skilled employees","","Base: Total; multiple select",432,92,"Frequency"
"623944","UK",21,"Oct17","Most important challenge","Q5: [Most important challenge]  - What are the most important challenges your business currently faces?","Q5","Securing financing for business as usual","","Base: Total; multiple select",432,56,"Frequency"
"623945","UK",21,"Oct17","Most important challenge","Q5: [Most important challenge]  - What are the most important challenges your business currently faces?","Q5","Securing financing for expansion","","Base: Total; multiple select",432,70,"Frequency"
"623946","UK",21,"Oct17","Most important challenge","Q5: [Most important challenge]  - What are the most important challenges your business currently faces?","Q5","Selling to foreign markets (new since October 2016)","","Base: Total; multiple select",432,32,"Frequency"
"623947","UK",21,"Oct17","Most important challenge","Q5: [Most important challenge]  - What are the most important challenges your business currently faces?","Q5","Tax laws and rules","","Base: Total; multiple select",432,91,"Frequency"
"623948","UK",21,"Oct17","Most important challenge","Q5: [Most important challenge]  - What are the most important challenges your business currently faces?","Q5","Uncertainty over economic conditions","","Base: Total; multiple select",432,130,"Frequency"
"624531","UK",22,"Nov17","Most important challenge","Q5: [Most important challenge]  - What are the most important challenges your business currently faces?","Q5","Attracting customers","","Base: Total; multiple select",792,622,"Frequency"
"624532","UK",22,"Nov17","Most important challenge","Q5: [Most important challenge]  - What are the most important challenges your business currently faces?","Q5","Developing new products/innovation","","Base: Total; multiple select",792,163,"Frequency"
"624533","UK",22,"Nov17","Most important challenge","Q5: [Most important challenge]  - What are the most important challenges your business currently faces?","Q5","Finding/working with suppliers","","Base: Total; multiple select",792,127,"Frequency"
"624534","UK",22,"Nov17","Most important challenge","Q5: [Most important challenge]  - What are the most important challenges your business currently faces?","Q5","Increasing revenue","","Base: Total; multiple select",792,461,"Frequency"
"624535","UK",22,"Nov17","Most important challenge","Q5: [Most important challenge]  - What are the most important challenges your business currently faces?","Q5","Maintaining profitability","","Base: Total; multiple select",792,428,"Frequency"
"624536","UK",22,"Nov17","Most important challenge","Q5: [Most important challenge]  - What are the most important challenges your business currently faces?","Q5","Other","","Base: Total; multiple select",792,31,"Frequency"
"624537","UK",22,"Nov17","Most important challenge","Q5: [Most important challenge]  - What are the most important challenges your business currently faces?","Q5","Other government regulations (e.g., compliance, technical regulation, patents, reporting)","","Base: Total; multiple select",792,132,"Frequency"
"624538","UK",22,"Nov17","Most important challenge","Q5: [Most important challenge]  - What are the most important challenges your business currently faces?","Q5","Regulatory and other barriers to exports (deleted since October 2016)","","Base: Total; multiple select",792,NA,"Frequency"
"624539","UK",22,"Nov17","Most important challenge","Q5: [Most important challenge]  - What are the most important challenges your business currently faces?","Q5","Retaining/recruiting skilled employees","","Base: Total; multiple select",792,152,"Frequency"
"624540","UK",22,"Nov17","Most important challenge","Q5: [Most important challenge]  - What are the most important challenges your business currently faces?","Q5","Securing financing for business as usual","","Base: Total; multiple select",792,126,"Frequency"
"624541","UK",22,"Nov17","Most important challenge","Q5: [Most important challenge]  - What are the most important challenges your business currently faces?","Q5","Securing financing for expansion","","Base: Total; multiple select",792,119,"Frequency"
"624542","UK",22,"Nov17","Most important challenge","Q5: [Most important challenge]  - What are the most important challenges your business currently faces?","Q5","Selling to foreign markets (new since October 2016)","","Base: Total; multiple select",792,60,"Frequency"
"624543","UK",22,"Nov17","Most important challenge","Q5: [Most important challenge]  - What are the most important challenges your business currently faces?","Q5","Tax laws and rules","","Base: Total; multiple select",792,138,"Frequency"
"624544","UK",22,"Nov17","Most important challenge","Q5: [Most important challenge]  - What are the most important challenges your business currently faces?","Q5","Uncertainty over economic conditions","","Base: Total; multiple select",792,251,"Frequency"
"625127","UK",23,"Dec17","Most important challenge","Q5: [Most important challenge]  - What are the most important challenges your business currently faces?","Q5","Attracting customers","","Base: Total; multiple select",379,305,"Frequency"
"625128","UK",23,"Dec17","Most important challenge","Q5: [Most important challenge]  - What are the most important challenges your business currently faces?","Q5","Developing new products/innovation","","Base: Total; multiple select",379,72,"Frequency"
"625129","UK",23,"Dec17","Most important challenge","Q5: [Most important challenge]  - What are the most important challenges your business currently faces?","Q5","Finding/working with suppliers","","Base: Total; multiple select",379,60,"Frequency"
"625130","UK",23,"Dec17","Most important challenge","Q5: [Most important challenge]  - What are the most important challenges your business currently faces?","Q5","Increasing revenue","","Base: Total; multiple select",379,226,"Frequency"
"625131","UK",23,"Dec17","Most important challenge","Q5: [Most important challenge]  - What are the most important challenges your business currently faces?","Q5","Maintaining profitability","","Base: Total; multiple select",379,184,"Frequency"
"625132","UK",23,"Dec17","Most important challenge","Q5: [Most important challenge]  - What are the most important challenges your business currently faces?","Q5","Other","","Base: Total; multiple select",379,15,"Frequency"
"625133","UK",23,"Dec17","Most important challenge","Q5: [Most important challenge]  - What are the most important challenges your business currently faces?","Q5","Other government regulations (e.g., compliance, technical regulation, patents, reporting)","","Base: Total; multiple select",379,64,"Frequency"
"625134","UK",23,"Dec17","Most important challenge","Q5: [Most important challenge]  - What are the most important challenges your business currently faces?","Q5","Regulatory and other barriers to exports (deleted since October 2016)","","Base: Total; multiple select",379,NA,"Frequency"
"625135","UK",23,"Dec17","Most important challenge","Q5: [Most important challenge]  - What are the most important challenges your business currently faces?","Q5","Retaining/recruiting skilled employees","","Base: Total; multiple select",379,73,"Frequency"
"625136","UK",23,"Dec17","Most important challenge","Q5: [Most important challenge]  - What are the most important challenges your business currently faces?","Q5","Securing financing for business as usual","","Base: Total; multiple select",379,53,"Frequency"
"625137","UK",23,"Dec17","Most important challenge","Q5: [Most important challenge]  - What are the most important challenges your business currently faces?","Q5","Securing financing for expansion","","Base: Total; multiple select",379,62,"Frequency"
"625138","UK",23,"Dec17","Most important challenge","Q5: [Most important challenge]  - What are the most important challenges your business currently faces?","Q5","Selling to foreign markets (new since October 2016)","","Base: Total; multiple select",379,29,"Frequency"
"625139","UK",23,"Dec17","Most important challenge","Q5: [Most important challenge]  - What are the most important challenges your business currently faces?","Q5","Tax laws and rules","","Base: Total; multiple select",379,70,"Frequency"
"625140","UK",23,"Dec17","Most important challenge","Q5: [Most important challenge]  - What are the most important challenges your business currently faces?","Q5","Uncertainty over economic conditions","","Base: Total; multiple select",379,109,"Frequency"
"625723","UK",24,"Jan18","Most important challenge","Q5: [Most important challenge]  - What are the most important challenges your business currently faces?","Q5","Attracting customers","","Base: Total; multiple select",537,422,"Frequency"
"625724","UK",24,"Jan18","Most important challenge","Q5: [Most important challenge]  - What are the most important challenges your business currently faces?","Q5","Developing new products/innovation","","Base: Total; multiple select",537,102,"Frequency"
"625725","UK",24,"Jan18","Most important challenge","Q5: [Most important challenge]  - What are the most important challenges your business currently faces?","Q5","Finding/working with suppliers","","Base: Total; multiple select",537,71,"Frequency"
"625726","UK",24,"Jan18","Most important challenge","Q5: [Most important challenge]  - What are the most important challenges your business currently faces?","Q5","Increasing revenue","","Base: Total; multiple select",537,315,"Frequency"
"625727","UK",24,"Jan18","Most important challenge","Q5: [Most important challenge]  - What are the most important challenges your business currently faces?","Q5","Maintaining profitability","","Base: Total; multiple select",537,273,"Frequency"
"625728","UK",24,"Jan18","Most important challenge","Q5: [Most important challenge]  - What are the most important challenges your business currently faces?","Q5","Other","","Base: Total; multiple select",537,33,"Frequency"
"625729","UK",24,"Jan18","Most important challenge","Q5: [Most important challenge]  - What are the most important challenges your business currently faces?","Q5","Other government regulations (e.g., compliance, technical regulation, patents, reporting)","","Base: Total; multiple select",537,86,"Frequency"
"625730","UK",24,"Jan18","Most important challenge","Q5: [Most important challenge]  - What are the most important challenges your business currently faces?","Q5","Regulatory and other barriers to exports (deleted since October 2016)","","Base: Total; multiple select",537,NA,"Frequency"
"625731","UK",24,"Jan18","Most important challenge","Q5: [Most important challenge]  - What are the most important challenges your business currently faces?","Q5","Retaining/recruiting skilled employees","","Base: Total; multiple select",537,82,"Frequency"
"625732","UK",24,"Jan18","Most important challenge","Q5: [Most important challenge]  - What are the most important challenges your business currently faces?","Q5","Securing financing for business as usual","","Base: Total; multiple select",537,71,"Frequency"
"625733","UK",24,"Jan18","Most important challenge","Q5: [Most important challenge]  - What are the most important challenges your business currently faces?","Q5","Securing financing for expansion","","Base: Total; multiple select",537,81,"Frequency"
"625734","UK",24,"Jan18","Most important challenge","Q5: [Most important challenge]  - What are the most important challenges your business currently faces?","Q5","Selling to foreign markets (new since October 2016)","","Base: Total; multiple select",537,41,"Frequency"
"625735","UK",24,"Jan18","Most important challenge","Q5: [Most important challenge]  - What are the most important challenges your business currently faces?","Q5","Tax laws and rules","","Base: Total; multiple select",537,86,"Frequency"
"625736","UK",24,"Jan18","Most important challenge","Q5: [Most important challenge]  - What are the most important challenges your business currently faces?","Q5","Uncertainty over economic conditions","","Base: Total; multiple select",537,146,"Frequency"
"626319","UK",25,"Feb18","Most important challenge","Q5: [Most important challenge]  - What are the most important challenges your business currently faces?","Q5","Attracting customers","","Base: Total; multiple select",281,214,"Frequency"
"626320","UK",25,"Feb18","Most important challenge","Q5: [Most important challenge]  - What are the most important challenges your business currently faces?","Q5","Developing new products/innovation","","Base: Total; multiple select",281,62,"Frequency"
"626321","UK",25,"Feb18","Most important challenge","Q5: [Most important challenge]  - What are the most important challenges your business currently faces?","Q5","Finding/working with suppliers","","Base: Total; multiple select",281,40,"Frequency"
"626322","UK",25,"Feb18","Most important challenge","Q5: [Most important challenge]  - What are the most important challenges your business currently faces?","Q5","Increasing revenue","","Base: Total; multiple select",281,158,"Frequency"
"626323","UK",25,"Feb18","Most important challenge","Q5: [Most important challenge]  - What are the most important challenges your business currently faces?","Q5","Maintaining profitability","","Base: Total; multiple select",281,132,"Frequency"
"626324","UK",25,"Feb18","Most important challenge","Q5: [Most important challenge]  - What are the most important challenges your business currently faces?","Q5","Other","","Base: Total; multiple select",281,15,"Frequency"
"626325","UK",25,"Feb18","Most important challenge","Q5: [Most important challenge]  - What are the most important challenges your business currently faces?","Q5","Other government regulations (e.g., compliance, technical regulation, patents, reporting)","","Base: Total; multiple select",281,45,"Frequency"
"626326","UK",25,"Feb18","Most important challenge","Q5: [Most important challenge]  - What are the most important challenges your business currently faces?","Q5","Regulatory and other barriers to exports (deleted since October 2016)","","Base: Total; multiple select",281,NA,"Frequency"
"626327","UK",25,"Feb18","Most important challenge","Q5: [Most important challenge]  - What are the most important challenges your business currently faces?","Q5","Retaining/recruiting skilled employees","","Base: Total; multiple select",281,42,"Frequency"
"626328","UK",25,"Feb18","Most important challenge","Q5: [Most important challenge]  - What are the most important challenges your business currently faces?","Q5","Securing financing for business as usual","","Base: Total; multiple select",281,38,"Frequency"
"626329","UK",25,"Feb18","Most important challenge","Q5: [Most important challenge]  - What are the most important challenges your business currently faces?","Q5","Securing financing for expansion","","Base: Total; multiple select",281,48,"Frequency"
"626330","UK",25,"Feb18","Most important challenge","Q5: [Most important challenge]  - What are the most important challenges your business currently faces?","Q5","Selling to foreign markets (new since October 2016)","","Base: Total; multiple select",281,28,"Frequency"
"626331","UK",25,"Feb18","Most important challenge","Q5: [Most important challenge]  - What are the most important challenges your business currently faces?","Q5","Tax laws and rules","","Base: Total; multiple select",281,42,"Frequency"
"626332","UK",25,"Feb18","Most important challenge","Q5: [Most important challenge]  - What are the most important challenges your business currently faces?","Q5","Uncertainty over economic conditions","","Base: Total; multiple select",281,66,"Frequency"
"626915","UK",26,"Mar18","Most important challenge","Q5: [Most important challenge]  - What are the most important challenges your business currently faces?","Q5","Attracting customers","","Base: Total; multiple select",NA,NA,"Frequency"
"626916","UK",26,"Mar18","Most important challenge","Q5: [Most important challenge]  - What are the most important challenges your business currently faces?","Q5","Developing new products/innovation","","Base: Total; multiple select",NA,NA,"Frequency"
"626917","UK",26,"Mar18","Most important challenge","Q5: [Most important challenge]  - What are the most important challenges your business currently faces?","Q5","Finding/working with suppliers","","Base: Total; multiple select",NA,NA,"Frequency"
"626918","UK",26,"Mar18","Most important challenge","Q5: [Most important challenge]  - What are the most important challenges your business currently faces?","Q5","Increasing revenue","","Base: Total; multiple select",NA,NA,"Frequency"
"626919","UK",26,"Mar18","Most important challenge","Q5: [Most important challenge]  - What are the most important challenges your business currently faces?","Q5","Maintaining profitability","","Base: Total; multiple select",NA,NA,"Frequency"
"626920","UK",26,"Mar18","Most important challenge","Q5: [Most important challenge]  - What are the most important challenges your business currently faces?","Q5","Other","","Base: Total; multiple select",NA,NA,"Frequency"
"626921","UK",26,"Mar18","Most important challenge","Q5: [Most important challenge]  - What are the most important challenges your business currently faces?","Q5","Other government regulations (e.g., compliance, technical regulation, patents, reporting)","","Base: Total; multiple select",NA,NA,"Frequency"
"626922","UK",26,"Mar18","Most important challenge","Q5: [Most important challenge]  - What are the most important challenges your business currently faces?","Q5","Regulatory and other barriers to exports (deleted since October 2016)","","Base: Total; multiple select",NA,NA,"Frequency"
"626923","UK",26,"Mar18","Most important challenge","Q5: [Most important challenge]  - What are the most important challenges your business currently faces?","Q5","Retaining/recruiting skilled employees","","Base: Total; multiple select",NA,NA,"Frequency"
"626924","UK",26,"Mar18","Most important challenge","Q5: [Most important challenge]  - What are the most important challenges your business currently faces?","Q5","Securing financing for business as usual","","Base: Total; multiple select",NA,NA,"Frequency"
"626925","UK",26,"Mar18","Most important challenge","Q5: [Most important challenge]  - What are the most important challenges your business currently faces?","Q5","Securing financing for expansion","","Base: Total; multiple select",NA,NA,"Frequency"
"626926","UK",26,"Mar18","Most important challenge","Q5: [Most important challenge]  - What are the most important challenges your business currently faces?","Q5","Selling to foreign markets (new since October 2016)","","Base: Total; multiple select",NA,NA,"Frequency"
"626927","UK",26,"Mar18","Most important challenge","Q5: [Most important challenge]  - What are the most important challenges your business currently faces?","Q5","Tax laws and rules","","Base: Total; multiple select",NA,NA,"Frequency"
"626928","UK",26,"Mar18","Most important challenge","Q5: [Most important challenge]  - What are the most important challenges your business currently faces?","Q5","Uncertainty over economic conditions","","Base: Total; multiple select",NA,NA,"Frequency"
"627511","UK",27,"Apr18","Most important challenge","Q5: [Most important challenge]  - What are the most important challenges your business currently faces?","Q5","Attracting customers","","Base: Total; multiple select",292,238,"Frequency"
"627512","UK",27,"Apr18","Most important challenge","Q5: [Most important challenge]  - What are the most important challenges your business currently faces?","Q5","Developing new products/innovation","","Base: Total; multiple select",292,69,"Frequency"
"627513","UK",27,"Apr18","Most important challenge","Q5: [Most important challenge]  - What are the most important challenges your business currently faces?","Q5","Finding/working with suppliers","","Base: Total; multiple select",292,51,"Frequency"
"627514","UK",27,"Apr18","Most important challenge","Q5: [Most important challenge]  - What are the most important challenges your business currently faces?","Q5","Increasing revenue","","Base: Total; multiple select",292,191,"Frequency"
"627515","UK",27,"Apr18","Most important challenge","Q5: [Most important challenge]  - What are the most important challenges your business currently faces?","Q5","Maintaining profitability","","Base: Total; multiple select",292,146,"Frequency"
"627516","UK",27,"Apr18","Most important challenge","Q5: [Most important challenge]  - What are the most important challenges your business currently faces?","Q5","Other","","Base: Total; multiple select",292,13,"Frequency"
"627517","UK",27,"Apr18","Most important challenge","Q5: [Most important challenge]  - What are the most important challenges your business currently faces?","Q5","Other government regulations (e.g., compliance, technical regulation, patents, reporting)","","Base: Total; multiple select",292,67,"Frequency"
"627518","UK",27,"Apr18","Most important challenge","Q5: [Most important challenge]  - What are the most important challenges your business currently faces?","Q5","Regulatory and other barriers to exports (deleted since October 2016)","","Base: Total; multiple select",292,NA,"Frequency"
"627519","UK",27,"Apr18","Most important challenge","Q5: [Most important challenge]  - What are the most important challenges your business currently faces?","Q5","Retaining/recruiting skilled employees","","Base: Total; multiple select",292,66,"Frequency"
"627520","UK",27,"Apr18","Most important challenge","Q5: [Most important challenge]  - What are the most important challenges your business currently faces?","Q5","Securing financing for business as usual","","Base: Total; multiple select",292,41,"Frequency"
"627521","UK",27,"Apr18","Most important challenge","Q5: [Most important challenge]  - What are the most important challenges your business currently faces?","Q5","Securing financing for expansion","","Base: Total; multiple select",292,36,"Frequency"
"627522","UK",27,"Apr18","Most important challenge","Q5: [Most important challenge]  - What are the most important challenges your business currently faces?","Q5","Selling to foreign markets (new since October 2016)","","Base: Total; multiple select",292,27,"Frequency"
"627523","UK",27,"Apr18","Most important challenge","Q5: [Most important challenge]  - What are the most important challenges your business currently faces?","Q5","Tax laws and rules","","Base: Total; multiple select",292,51,"Frequency"
"627524","UK",27,"Apr18","Most important challenge","Q5: [Most important challenge]  - What are the most important challenges your business currently faces?","Q5","Uncertainty over economic conditions","","Base: Total; multiple select",292,79,"Frequency"
